"Domain","Available","Premium","Price"
"ralph-intelligence.com","available","","€8.60"
"ralph-accord.com","available","","€8.60"
"ralph-advisors.com","available","","€8.60"
"ralph-advisory.com","available","","€8.60"
"ralph-alliance.com","available","","€8.60"
"ralph-allied.com","available","","€8.60"
"ralph-anchor.com","available","","€8.60"
"ralph-apex.com","available","","€8.60"
"ralph-apogee.com","available","","€8.60"
"ralph-assembly.com","available","","€8.60"
"ralph-asset.com","available","","€8.60"
"ralph-assets.com","available","","€8.60"
"ralph-assured.com","available","","€8.60"
"ralph-atlas.com","available","","€8.60"
"ralph-aurum.com","available","","€8.60"
"ralph-avenue.com","available","","€8.60"
"ralph-axis.com","available","","€8.60"
"ralph-bastion.com","available","","€8.60"
"ralph-beacon.com","available","","€8.60"
"ralph-bedrock.com","available","","€8.60"
"ralph-benefactor.com","available","","€8.60"
"ralph-bond.com","available","","€8.60"
"ralph-bridge.com","available","","€8.60"
"ralph-brook.com","available","","€8.60"
"ralph-bulwark.com","available","","€8.60"
"ralph-business.com","available","","€8.60"
"ralph-castle.com","available","","€8.60"
"ralph-center.com","available","","€8.60"
"ralph-central.com","available","","€8.60"
"ralph-charter.com","available","","€8.60"
"ralph-choice.com","available","","€8.60"
"ralph-classic.com","available","","€8.60"
"ralph-clarity.com","available","","€8.60"
"ralph-climb.com","available","","€8.60"
"ralph-collective.com","available","","€8.60"
"ralph-compass.com","available","","€8.60"
"ralph-concord.com","available","","€8.60"
"ralph-connect.com","available","","€8.60"
"ralph-consult.com","available","","€8.60"
"ralph-consulting.com","available","","€8.60"
"ralph-core.com","available","","€8.60"
"ralph-council.com","available","","€8.60"
"ralph-counsel.com","available","","€8.60"
"ralph-cove.com","available","","€8.60"
"ralph-craft.com","available","","€8.60"
"ralph-credit.com","available","","€8.60"
"ralph-crest.com","available","","€8.60"
"ralph-crown.com","available","","€8.60"
"ralph-domain.com","available","","€8.60"
"ralph-dominion.com","available","","€8.60"
"ralph-edge.com","available","","€8.60"
"ralph-elite.com","available","","€8.60"
"ralph-enduring.com","available","","€8.60"
"ralph-empire.com","available","","€8.60"
"ralph-essence.com","available","","€8.60"
"ralph-estate.com","available","","€8.60"
"ralph-evergreen.com","available","","€8.60"
"ralph-excel.com","available","","€8.60"
"ralph-fidelity.com","available","","€8.60"
"ralph-field.com","available","","€8.60"
"ralph-firm.com","available","","€8.60"
"ralph-flagship.com","available","","€8.60"
"ralph-flourish.com","available","","€8.60"
"ralph-focus.com","available","","€8.60"
"ralph-forge.com","available","","€8.60"
"ralph-fort.com","available","","€8.60"
"ralph-fortress.com","available","","€8.60"
"ralph-foundation.com","available","","€8.60"
"ralph-frontier.com","available","","€8.60"
"ralph-gate.com","available","","€8.60"
"ralph-gateway.com","available","","€8.60"
"ralph-globe.com","available","","€8.60"
"ralph-gold.com","available","","€8.60"
"ralph-growth.com","available","","€8.60"
"ralph-guardian.com","available","","€8.60"
"ralph-guidance.com","available","","€8.60"
"ralph-guide.com","available","","€8.60"
"ralph-harbor.com","available","","€8.60"
"ralph-haven.com","available","","€8.60"
"ralph-heritage.com","available","","€8.60"
"ralph-horizon.com","available","","€8.60"
"ralph-hub.com","available","","€8.60"
"ralph-infinite.com","available","","€8.60"
"ralph-insight.com","available","","€8.60"
"ralph-iron.com","available","","€8.60"
"ralph-ironwood.com","available","","€8.60"
"ralph-keel.com","available","","€8.60"
"ralph-keep.com","available","","€8.60"
"ralph-keystone.com","available","","€8.60"
"ralph-kingdom.com","available","","€8.60"
"ralph-landmark.com","available","","€8.60"
"ralph-lane.com","available","","€8.60"
"ralph-lattice.com","available","","€8.60"
"ralph-legacy.com","available","","€8.60"
"ralph-lighthouse.com","available","","€8.60"
"ralph-link.com","available","","€8.60"
"ralph-lucid.com","available","","€8.60"
"ralph-lucent.com","available","","€8.60"
"ralph-marble.com","available","","€8.60"
"ralph-mast.com","available","","€8.60"
"ralph-matrix.com","available","","€8.60"
"ralph-mentor.com","available","","€8.60"
"ralph-meridian.com","available","","€8.60"
"ralph-method.com","available","","€8.60"
"ralph-might.com","available","","€8.60"
"ralph-monarch.com","available","","€8.60"
"ralph-nation.com","available","","€8.60"
"ralph-network.com","available","","€8.60"
"ralph-novae.com","available","","€8.60"
"ralph-oak.com","available","","€8.60"
"ralph-oakridge.com","available","","€8.60"
"ralph-oakwood.com","available","","€8.60"
"ralph-origin.com","available","","€8.60"
"ralph-pact.com","available","","€8.60"
"ralph-partner.com","available","","€8.60"
"ralph-partners.com","available","","€8.60"
"ralph-patriot.com","available","","€8.60"
"ralph-pax.com","available","","€8.60"
"ralph-peak.com","available","","€8.60"
"ralph-pillar.com","available","","€8.60"
"ralph-pinnacle.com","available","","€8.60"
"ralph-platform.com","available","","€8.60"
"ralph-platinum.com","available","","€8.60"
"ralph-premier.com","available","","€8.60"
"ralph-prime.com","available","","€8.60"
"ralph-principle.com","available","","€8.60"
"ralph-providence.com","available","","€8.60"
"ralph-provision.com","available","","€8.60"
"ralph-prudent.com","available","","€8.60"
"ralph-pulse.com","available","","€8.60"
"ralph-range.com","available","","€8.60"
"ralph-realm.com","available","","€8.60"
"ralph-reliable.com","available","","€8.60"
"ralph-resource.com","available","","€8.60"
"ralph-respect.com","available","","€8.60"
"ralph-resolute.com","available","","€8.60"
"ralph-ridge.com","available","","€8.60"
"ralph-root.com","available","","€8.60"
"ralph-sage.com","available","","€8.60"
"ralph-sail.com","available","","€8.60"
"ralph-sentinel.com","available","","€8.60"
"ralph-serene.com","available","","€8.60"
"ralph-shield.com","available","","€8.60"
"ralph-shore.com","available","","€8.60"
"ralph-solid.com","available","","€8.60"
"ralph-solution.com","available","","€8.60"
"ralph-source.com","available","","€8.60"
"ralph-sphere.com","available","","€8.60"
"ralph-spring.com","available","","€8.60"
"ralph-stable.com","available","","€8.60"
"ralph-steadfast.com","available","","€8.60"
"ralph-stone.com","available","","€8.60"
"ralph-stronghold.com","available","","€8.60"
"ralph-stride.com","available","","€8.60"
"ralph-strike.com","available","","€8.60"
"ralph-summit.com","available","","€8.60"
"ralph-sure.com","available","","€8.60"
"ralph-sustain.com","available","","€8.60"
"ralph-synergy.com","available","","€8.60"
"ralph-talon.com","available","","€8.60"
"ralph-telios.com","available","","€8.60"
"ralph-temple.com","available","","€8.60"
"ralph-terrace.com","available","","€8.60"
"ralph-terrane.com","available","","€8.60"
"ralph-think.com","available","","€8.60"
"ralph-thrive.com","available","","€8.60"
"ralph-titan.com","available","","€8.60"
"ralph-tract.com","available","","€8.60"
"ralph-tradition.com","available","","€8.60"
"ralph-trail.com","available","","€8.60"
"ralph-trajectory.com","available","","€8.60"
"ralph-transaction.com","available","","€8.60"
"ralph-transit.com","available","","€8.60"
"ralph-treasure.com","available","","€8.60"
"ralph-trinity.com","available","","€8.60"
"ralph-triumph.com","available","","€8.60"
"ralph-trust.com","available","","€8.60"
"ralph-union.com","available","","€8.60"
"ralph-united.com","available","","€8.60"
"ralph-valley.com","available","","€8.60"
"ralph-vantage.com","available","","€8.60"
"ralph-value.com","available","","€8.60"
"ralph-venture.com","available","","€8.60"
"ralph-ventures.com","available","","€8.60"
"ralph-victory.com","available","","€8.60"
"ralph-view.com","available","","€8.60"
"ralph-vigor.com","available","","€8.60"
"ralph-virtue.com","available","","€8.60"
"ralph-wealth.com","available","","€8.60"
"ralph-zenith.com","available","","€8.60"
"agent-ralph.com","available","","€8.60"
"ralph-agent.com","available","","€8.60"